,day_str,fare_amount
0,Monday,19.607859507853
1,Tuesday,18.495019276802168
2,Wednesday,18.014310068261093
3,Thursday,18.34832990547615
4,Friday,18.24160394488468
5,Saturday,17.51421022130294
6,Sunday,19.74650867761365
